"","Population","Year","X2.5.","X25.","X50.","X75.","X97.5.","Origin"
"1","Coweeman",2010,1.73616052939769,3.18682357028507,4.27510058034337,5.54672514344886,9.05532198113356,"Hatchery"
"2","Coweeman",2011,0.574553153063246,1.24900274486701,1.79299829952074,2.54367011079375,4.60505369891559,"Hatchery"
"3","Coweeman",2012,0.229683689463109,0.688273187798559,1.18690641520242,1.95900726918539,4.55653058101652,"Hatchery"
"4","Coweeman",2013,1.90292915994418,3.90176188077863,5.33789367572041,7.20400596623733,12.3291673230597,"Hatchery"
"5","Coweeman",2014,7.91344286217117,11.9463964259888,14.6219509928418,17.6951309791115,24.9006243074439,"Hatchery"
"6","Coweeman",2015,1.13855934224326,2.37300960169624,3.31706140751751,4.4703628268112,7.396910084919,"Hatchery"
"7","Coweeman",2016,1.80080090833557,4.03279790903097,5.80595714308205,8.02297642692263,13.6343307519783,"Hatchery"
"8","Coweeman",2017,0.418581055720989,1.52337846146824,2.74268723478144,4.59581745574345,10.3364897402335,"Hatchery"
"9","Coweeman",2018,0.784138517548323,3.09760503732073,6.04934861813036,10.9480210093543,25.3807053243797,"Hatchery"
"10","Coweeman",2019,5.26554736600315,10.5984859417433,14.4622100828299,19.0555800226227,30.498058528583,"Hatchery"
"11","Coweeman",2020,2.77782922352156,6.1575425688458,8.84901727642733,12.3044675462259,21.6406449381185,"Hatchery"
"12","Coweeman",2021,6.23239789665136,10.6594451809415,13.8530024379734,17.8263040055129,28.5080212442983,"Hatchery"
"13","EF Lewis",2010,1.26878134379928,2.81663183005593,4.14333556255812,5.90265253196002,11.2296489977851,"Hatchery"
"14","EF Lewis",2011,0.148596548896088,0.474123688278321,0.827194099311255,1.3690663873228,3.36455410527228,"Hatchery"
"15","EF Lewis",2012,0.311625232583957,0.818466691957621,1.28043066669622,1.99079550843026,4.34581697096261,"Hatchery"
"16","EF Lewis",2013,0.650618021879157,1.28790995985779,1.79881024177365,2.49298203633124,4.70203880825923,"Hatchery"
"17","EF Lewis",2014,2.27503094973709,4.60701269763319,6.41341525434296,8.79773351088136,15.6567094566529,"Hatchery"
"18","EF Lewis",2015,0.242771967325435,0.691779658888584,1.11263964394964,1.74561292776348,3.72604468181141,"Hatchery"
"19","EF Lewis",2016,1.51483976067828,3.97233842055169,5.9699261329709,8.45351045990399,14.9325342744522,"Hatchery"
"20","EF Lewis",2017,2.24379450771266,4.1963501436532,5.62624420484094,7.49853304605199,12.9951801074121,"Hatchery"
"21","EF Lewis",2018,0.49988320062415,1.19691411107967,1.80715859914015,2.67204943842783,5.24882399272899,"Hatchery"
"22","EF Lewis",2019,0.363402975895883,1.0545886838524,1.73251869206915,2.74641151256329,5.99150320864406,"Hatchery"
"23","EF Lewis",2020,0.438837853567618,1.23631948189483,2.03261400670869,3.17187455923125,6.81304686591278,"Hatchery"
"24","EF Lewis",2021,0.909250374238382,1.81057055099878,2.51661465633416,3.49396145529242,6.55789616092853,"Hatchery"
"25","Elochoman, Skamokawa",2010,7.08250819305506,9.68776097236842,11.494572223722,13.7890191310885,19.9456887667358,"Hatchery"
"26","Elochoman, Skamokawa",2011,2.94048853423499,4.35750559984622,5.29830270227579,6.40009677613577,9.29372677942363,"Hatchery"
"27","Elochoman, Skamokawa",2012,0.476205154781391,1.18619743128362,1.74012679471118,2.46361733799807,4.31517779926199,"Hatchery"
"28","Elochoman, Skamokawa",2013,1.71938975236816,2.77284913791049,3.50784814806745,4.3519091608355,6.31752807149128,"Hatchery"
"29","Elochoman, Skamokawa",2014,6.39619462142304,8.5697564457549,10.0832935048836,11.9150695203669,16.7817806412783,"Hatchery"
"30","Elochoman, Skamokawa",2015,0.644868119399078,1.20293218043328,1.62739365296687,2.11827682314653,3.30787581159815,"Hatchery"
"31","Elochoman, Skamokawa",2016,1.16904228421852,2.36943297979595,3.24254640884298,4.31815009037628,6.93816542667892,"Hatchery"
"32","Elochoman, Skamokawa",2017,0.361808954326986,1.0773977937438,1.75339452240291,2.66498660928337,5.16292035280985,"Hatchery"
"33","Elochoman, Skamokawa",2018,1.2853493426409,2.79241129786949,3.8970164833148,5.22773695995206,8.67333250188993,"Hatchery"
"34","Elochoman, Skamokawa",2019,2.24163177471555,4.26691880572098,5.8046335404747,7.62012798058185,11.9197721652048,"Hatchery"
"35","Elochoman, Skamokawa",2020,0.685578608724525,1.95650463150674,3.08997071008027,4.60536210727945,8.76015397871324,"Hatchery"
"36","Elochoman, Skamokawa",2021,5.44292450681478,7.36060206665259,8.66642850013116,10.365614132842,14.5579265183473,"Hatchery"
"37","Grays, Chinook",2010,4.28409199446015,6.24872413110399,7.59100513371896,9.30356985073175,14.0057022479244,"Hatchery"
"38","Grays, Chinook",2011,4.09750860055456,5.37747191191141,6.27085991817297,7.4068350889131,10.4289985190139,"Hatchery"
"39","Grays, Chinook",2012,0.848596021365879,1.70802637157479,2.28843215735885,3.00309361727793,4.81247362088522,"Hatchery"
"40","Grays, Chinook",2013,3.27522956317966,4.27314103160786,4.94045346125287,5.81607431632229,8.11071251168475,"Hatchery"
"41","Grays, Chinook",2014,3.78905625013484,5.53933321011683,6.66927603752168,7.98335193206355,11.1069622335401,"Hatchery"
"42","Grays, Chinook",2015,0.797694350984717,1.37982204892855,1.74541044410455,2.15279284558504,3.03170960058715,"Hatchery"
"43","Grays, Chinook",2016,1.93406580830051,3.0149613299665,3.66719231626053,4.37669131864535,6.09249256072104,"Hatchery"
"44","Grays, Chinook",2017,1.95704301346891,2.93822129933909,3.48013958590584,4.08625592948894,5.47854900367406,"Hatchery"
"45","Grays, Chinook",2018,2.09117373864002,3.14550571159111,3.74772222590485,4.40253729089584,5.94367026225062,"Hatchery"
"46","Grays, Chinook",2019,1.73773258080598,3.91535233038034,5.13948230130756,6.39140455337024,9.16718521976957,"Hatchery"
"47","Grays, Chinook",2020,1.17227016950152,2.70180667897662,3.76105644688284,5.03979276593634,7.97361546566857,"Hatchery"
"48","Grays, Chinook",2021,3.64219085825006,4.81738372100842,5.62773716382415,6.57639390248052,9.31424961022738,"Hatchery"
"49","Kalama",2010,4.82803705404866,7.80866442357352,9.97032756083419,12.8515008117373,21.9734686921676,"Hatchery"
"50","Kalama",2011,2.90473067496219,4.8449492813335,6.27625316957452,8.1090491891268,14.279287199983,"Hatchery"
"51","Kalama",2012,2.35192670207087,3.73258381016641,4.7434370339919,6.02610687683698,9.85300433285193,"Hatchery"
"52","Kalama",2013,3.18191384164423,5.13700656491007,6.45446876312494,8.0531915059652,13.0003316924997,"Hatchery"
"53","Kalama",2014,8.86117606894481,13.7772410333866,17.1077058980845,21.2505516806428,33.313727424126,"Hatchery"
"54","Kalama",2015,1.47834714461228,2.38543285596277,2.98049185028832,3.72936264407326,5.98199519817397,"Hatchery"
"55","Kalama",2016,1.24852493456287,3.14493947828893,4.55915089422977,6.18366007874187,10.3818411317484,"Hatchery"
"56","Kalama",2017,0.668330277726295,2.21419789043345,3.37402200438558,4.78320077683108,8.33637785369841,"Hatchery"
"57","Kalama",2018,1.2812939702976,2.82132974421398,3.89363810539203,5.25191162897595,8.72070641817343,"Hatchery"
"58","Kalama",2019,1.54403837542561,4.45349020169723,6.61696305386056,9.30891475709174,16.3079821074336,"Hatchery"
"59","Kalama",2020,5.24061876837455,8.39353381773208,10.7851658099306,14.1535591296892,25.9971993658451,"Hatchery"
"60","Kalama",2021,6.17261218518177,10.0700277880624,13.1951228514819,17.7280698052166,34.2929253020996,"Hatchery"
"61","LCR ESU",2010,10.1083161954631,10.7078565346833,11.0969359860336,11.5492217024483,12.7336501329906,"Hatchery"
"62","LCR ESU",2011,6.74893436254402,7.11321842187118,7.35138150175885,7.63290330900685,8.51772015088124,"Hatchery"
"63","LCR ESU",2012,2.74475677117796,3.01364357272834,3.18903791559485,3.39991491488866,4.09116450918271,"Hatchery"
"64","LCR ESU",2013,7.24825624169026,7.63778587413957,7.86448554455916,8.10812813062765,8.68258997275573,"Hatchery"
"65","LCR ESU",2014,16.4249676329977,17.1600490821984,17.61617293674,18.1321540419362,19.4306692260645,"Hatchery"
"66","LCR ESU",2015,3.11835150007606,3.36796001807766,3.51941744504454,3.70183554728367,4.16277250554711,"Hatchery"
"67","LCR ESU",2016,8.57622082050139,9.04210003491726,9.3285523892522,9.63041367946158,10.3242312460787,"Hatchery"
"68","LCR ESU",2017,6.78163760051754,7.13545979277195,7.35054767755769,7.58653408254881,8.10782118755477,"Hatchery"
"69","LCR ESU",2018,6.47365330247299,6.83965665935609,7.06861588064671,7.33242474202841,7.95650175335575,"Hatchery"
"70","LCR ESU",2019,7.43859691893257,7.94103243942986,8.23912695447702,8.55981323933736,9.27926497309775,"Hatchery"
"71","LCR ESU",2020,11.2361378898385,11.7103444297553,11.9863995966583,12.2889160319588,12.9658787579069,"Hatchery"
"72","LCR ESU",2021,13.0851977356005,14.3387907322078,14.8612126067158,15.3731632554613,16.3824912559396,"Hatchery"
"73","Lower Cowlitz",2010,0.563680284489601,1.21927342617507,1.80819386290832,2.80230330877721,6.67065196675923,"Hatchery"
"74","Lower Cowlitz",2011,0.244026039315006,0.652770214360257,1.08168604929098,1.84240995335777,5.77367626612716,"Hatchery"
"75","Lower Cowlitz",2012,0.252350673833368,0.686899021034892,1.13253884415995,1.83207081185669,4.87966253693714,"Hatchery"
"76","Lower Cowlitz",2013,1.0518745806624,1.60346561349336,1.99162925019447,2.50331817819591,4.11713740849972,"Hatchery"
"77","Lower Cowlitz",2014,1.13888206763229,1.60552612918821,1.96796948178198,2.46882087686931,4.08398445603425,"Hatchery"
"78","Lower Cowlitz",2015,0.115223158517282,0.223560013966219,0.327210723984524,0.488917115953114,1.04515326445205,"Hatchery"
"79","Lower Cowlitz",2016,0.203328707604429,0.426133815608315,0.65824056541594,1.0349508235524,2.28203997448921,"Hatchery"
"80","Lower Cowlitz",2017,0.212554954683637,0.572582486930785,0.946838926295138,1.43827742969785,2.7691442748113,"Hatchery"
"81","Lower Cowlitz",2018,0.110548314073589,0.258467594320596,0.442418963995718,0.790457242682394,1.98171244837033,"Hatchery"
"82","Lower Cowlitz",2019,0.140073504837298,0.266121430115588,0.387000582743945,0.595527494190128,1.32468146225922,"Hatchery"
"83","Lower Cowlitz",2020,0.236028686599147,0.417183268129421,0.589113347007408,0.882887568098681,2.15568324169101,"Hatchery"
"84","Lower Cowlitz",2021,0.727303904521572,1.18077875702248,1.55023433799523,2.03557365544821,3.51931961838099,"Hatchery"
"85","Lower Gorge",2010,1.63926291780223,2.81372029939659,3.80128986776891,5.08357786042793,8.78177665611678,"Hatchery"
"86","Lower Gorge",2011,0.257321481114611,0.747225171149187,1.23371434857768,1.9987161283441,4.60776197604658,"Hatchery"
"87","Lower Gorge",2012,0.534337625174265,1.13369554613285,1.65170979602528,2.37622487275314,4.64273535640639,"Hatchery"
"88","Lower Gorge",2013,1.10978510249778,2.28576029617184,3.20529897432305,4.43426312613664,7.99927125464342,"Hatchery"
"89","Lower Gorge",2014,4.03311025512441,7.73139938967444,10.4809060214512,13.9727873038381,23.6467854065334,"Hatchery"
"90","Lower Gorge",2015,0.223981863088997,0.591084379067714,0.944015662417475,1.47104718261205,2.98379667035877,"Hatchery"
"91","Lower Gorge",2016,0.299446530494942,0.778790313196506,1.21934281167039,1.89270192041913,3.95040560418814,"Hatchery"
"92","Lower Gorge",2017,0.422701539024254,1.21921376315124,2.05913754307177,3.35893652919814,7.25120290457822,"Hatchery"
"93","Lower Gorge",2018,0.901639615226175,1.99267026273968,2.8702700864068,4.06946369997375,7.34871809832316,"Hatchery"
"94","Lower Gorge",2019,2.03558318106713,4.29504252252551,6.09364669941638,8.48150097324734,15.2223178114043,"Hatchery"
"95","Lower Gorge",2020,0.271160718226925,1.02268814777797,1.9660289558666,3.55806494273024,9.75376810717376,"Hatchery"
"96","Lower Gorge",2021,0.19732988871284,0.689774205958657,1.21003042574538,2.05197902097595,5.04206852558557,"Hatchery"
"97","Mill, Abernathy, Germany, Coal",2010,1.00438377471818,1.36475080599041,1.60746976433975,1.93898379347757,2.9756458930607,"Hatchery"
"98","Mill, Abernathy, Germany, Coal",2011,0.891926648786705,1.21939678738255,1.45067915848482,1.74715778524356,2.72755336565643,"Hatchery"
"99","Mill, Abernathy, Germany, Coal",2012,0.0713395994598855,0.113263744610414,0.143866512159331,0.180167220535339,0.276912646820677,"Hatchery"
"100","Mill, Abernathy, Germany, Coal",2013,0.358105153912955,0.51089251280389,0.611691921205456,0.724479180436146,1.00272572214777,"Hatchery"
"101","Mill, Abernathy, Germany, Coal",2014,3.01996885420221,3.44857891219458,3.69712564870108,3.95180965617858,4.49494769062465,"Hatchery"
"102","Mill, Abernathy, Germany, Coal",2015,0.297773140457932,0.42384710260469,0.50484463679092,0.60027666282886,0.809760919312515,"Hatchery"
"103","Mill, Abernathy, Germany, Coal",2016,1.36504346007916,1.62425178446294,1.77261918940368,1.93120190891294,2.2795023341734,"Hatchery"
"104","Mill, Abernathy, Germany, Coal",2017,0.566156370812247,0.721326695914466,0.812745201904715,0.909757711047675,1.12647309410643,"Hatchery"
"105","Mill, Abernathy, Germany, Coal",2018,1.32479275219004,1.63692828859877,1.83315471914469,2.03932438734298,2.48988762224808,"Hatchery"
"106","Mill, Abernathy, Germany, Coal",2019,4.75418415090023,5.47542829538747,5.86517065100797,6.29567752306604,7.22345725359194,"Hatchery"
"107","Mill, Abernathy, Germany, Coal",2020,0.843605341742668,1.50545165547958,1.99827397244958,2.61436084251743,4.13656457035495,"Hatchery"
"108","Mill, Abernathy, Germany, Coal",2021,1.58281163252778,2.1365233060184,2.49183664862243,2.88174973363498,3.75481575976808,"Hatchery"
"109","NF Lewis",2010,2.2097850773761,2.59298922105044,2.85418980905695,3.18387483787408,4.44478381483065,"Hatchery"
"110","NF Lewis",2011,1.21520566621694,1.42714492345132,1.59024765405999,1.83494169714369,2.77817654494654,"Hatchery"
"111","NF Lewis",2012,0.654400670330212,0.841671335034364,0.983269545563006,1.16053948591927,1.68082269909046,"Hatchery"
"112","NF Lewis",2013,26.1504833964933,26.7775919154627,27.1634197132633,27.6113687204964,28.7292345973049,"Hatchery"
"113","NF Lewis",2014,31.2206972660059,32.2495904518815,32.9517610013385,33.8488737499422,36.6198246501786,"Hatchery"
"114","NF Lewis",2015,13.0596658569843,13.4482826929456,13.6790839835398,13.9382280099823,14.6081372308006,"Hatchery"
"115","NF Lewis",2016,21.3427015148173,22.1465393477404,22.6954722836848,23.3370729143481,25.0137403953536,"Hatchery"
"116","NF Lewis",2017,17.1214542639724,18.0208624882757,18.6676649235063,19.5235651025192,21.6929680426292,"Hatchery"
"117","NF Lewis",2018,23.1717700413244,24.1260756949681,24.844572045388,25.8489501422145,29.0246870420319,"Hatchery"
"118","NF Lewis",2019,15.4476673565012,16.6104314772048,17.4628557937772,18.5775950145402,21.829916976518,"Hatchery"
"119","NF Lewis",2020,19.4557385524636,20.9365726451135,21.9544574740156,23.1511085104866,26.6138295516165,"Hatchery"
"120","NF Lewis",2021,26.2358873529169,28.0089122181736,29.2240399333813,30.7081095971309,35.4276527787152,"Hatchery"
"121","NF Toutle",2010,5.65389633470483,7.7010790007373,9.16186638573721,11.0641999507614,16.1946090494729,"Hatchery"
"122","NF Toutle",2011,0.540924435141427,1.27727363429559,1.96431555762896,2.89057588726643,6.02487627217079,"Hatchery"
"123","NF Toutle",2012,0.596602145617014,1.18043334789948,1.65683668506372,2.30239049012715,4.560268837406,"Hatchery"
"124","NF Toutle",2013,1.23342057762466,2.12081583149393,2.8034770233318,3.7462201643495,7.20333999313796,"Hatchery"
"125","NF Toutle",2014,6.67367530835155,9.2468439157876,11.0880050710561,13.6226859236916,22.690300369443,"Hatchery"
"126","NF Toutle",2015,1.91686058557163,2.98115412611835,3.70416796899669,4.65034339623592,7.76803122585085,"Hatchery"
"127","NF Toutle",2016,7.13948230615111,9.47452455708208,11.0240210597804,12.9398836360898,18.0420366341994,"Hatchery"
"128","NF Toutle",2017,0.602996150430425,1.32274931738437,1.93292479257157,2.75367407424815,5.11450887177961,"Hatchery"
"129","NF Toutle",2018,0.54893580279228,1.26972026340587,1.87254268487592,2.66349633201363,4.96978776563233,"Hatchery"
"130","NF Toutle",2019,1.00424217336038,1.936963172234,2.67826620420017,3.63440595552812,6.54912100943869,"Hatchery"
"131","NF Toutle",2020,0.82095276070775,1.49047253956166,2.03015332554033,2.75869254689279,5.20031878195679,"Hatchery"
"132","NF Toutle",2021,0.64373214402713,1.39635572459367,2.11246282972506,3.24722769923043,7.43595975389795,"Hatchery"
"133","Salmon Creek",2010,0.0298779695416578,0.285734844183179,0.866493673917713,2.36921437686674,8.76793971509007,"Hatchery"
"134","Salmon Creek",2011,0.019264176541227,0.143226680135166,0.372474191610753,0.833422223249729,2.94138959277112,"Hatchery"
"135","Salmon Creek",2012,0.0215574088573926,0.126462356554873,0.286872558056023,0.571384416902072,1.71140632007684,"Hatchery"
"136","Salmon Creek",2013,0.0113313657286311,0.0674119628022933,0.155546903235922,0.331373507156213,1.10341585314405,"Hatchery"
"137","Salmon Creek",2014,0.0197269775684188,0.118076969908483,0.270732297339968,0.563186164792347,1.8880025267468,"Hatchery"
"138","Salmon Creek",2015,0.00479360888781453,0.0330033064261017,0.0838648424096435,0.203569013880371,0.830461509884605,"Hatchery"
"139","Salmon Creek",2016,0.0262715505886335,0.149114673550335,0.357806925701267,0.79441584569471,2.69369609617336,"Hatchery"
"140","Salmon Creek",2017,0.0822134955801596,0.341680227891802,0.654935012765432,1.16314457170145,3.04693874311078,"Hatchery"
"141","Salmon Creek",2018,0.166418280574391,0.461616929225446,0.754007487209195,1.16161419831602,2.53969522765014,"Hatchery"
"142","Salmon Creek",2019,0.192767360998219,0.602353093282034,1.04021941102428,1.70982576345286,3.96299648471576,"Hatchery"
"143","Salmon Creek",2020,0.18688596354676,0.63960319022817,1.09677156834485,1.78539897012041,3.98489645875367,"Hatchery"
"144","Salmon Creek",2021,0.0343976738236803,0.190984461378215,0.420337248455461,0.836589007800982,2.55872968491618,"Hatchery"
"145","SF Toutle",2010,2.1812680871855,3.69039850180025,4.8831204628321,6.47105335665507,11.1731332167409,"Hatchery"
"146","SF Toutle",2011,0.441049444126482,1.35477540086374,2.28286464904171,3.74811389720522,8.83361223741887,"Hatchery"
"147","SF Toutle",2012,0.685139728414697,1.71251557984792,2.6667340469305,4.03426314815696,8.44419892590898,"Hatchery"
"148","SF Toutle",2013,2.02656864383065,4.12838930007136,5.88689764157324,8.33363513803918,16.2410199872253,"Hatchery"
"149","SF Toutle",2014,13.7074329183368,20.6437507078308,26.2988957018766,34.4084754965681,60.8345275178523,"Hatchery"
"150","SF Toutle",2015,6.35538996271337,9.98902497909158,12.8335894711581,16.6791199924584,28.9449534106098,"Hatchery"
"151","SF Toutle",2016,3.51114681760678,6.25909229719509,8.40637228572206,11.2777197468273,20.2967561322583,"Hatchery"
"152","SF Toutle",2017,0.186230218027478,0.787052149995967,1.564998078939,2.91122104604559,8.00489049050097,"Hatchery"
"153","SF Toutle",2018,0.144832692585208,0.625699574120263,1.32518159311321,2.65702358093503,8.31815725687225,"Hatchery"
"154","SF Toutle",2019,0.786779538572329,2.00018957758871,3.1430868895926,4.71165443711981,9.57438757741974,"Hatchery"
"155","SF Toutle",2020,0.395368102954498,1.05775299412967,1.74436292673441,2.7857542812358,6.0832609796134,"Hatchery"
"156","SF Toutle",2021,1.49463487323865,2.90359351166211,4.08588996935438,5.70513613630278,11.0266887125277,"Hatchery"
"157","Tilton",2010,8.93733243169618,9.96402373050029,10.446337308183,10.9145656759326,11.7369828328229,"Hatchery"
"158","Tilton",2011,19.3431747100975,21.0538170949106,21.856632443722,22.6033504201172,23.9451594339136,"Hatchery"
"159","Tilton",2012,16.2586216174058,17.6227197102162,18.2633990553506,18.891133266959,19.9381945418861,"Hatchery"
"160","Tilton",2013,16.3747790392201,18.1296098649423,18.9691391318238,19.7384339832436,21.0723137874455,"Hatchery"
"161","Tilton",2014,23.064311113138,24.1020839643906,24.611896131815,25.0954089083887,25.9614752411002,"Hatchery"
"162","Tilton",2015,6.77808958843582,7.48698689969234,7.81447417706041,8.11830121899267,8.63471904249965,"Hatchery"
"163","Tilton",2016,19.16328312473,20.8232038342228,21.6434918821481,22.4180097436388,23.6818669690408,"Hatchery"
"164","Tilton",2017,24.5862867235836,25.6951728085098,26.2228029372028,26.7216709767468,27.5773150990711,"Hatchery"
"165","Tilton",2018,14.557490855472,15.4351005311281,15.8218184654317,16.1810214914706,16.7958904318251,"Hatchery"
"166","Tilton",2019,26.556226579017,27.8337402966627,28.4478536179284,29.0027046990385,29.963632553054,"Hatchery"
"167","Tilton",2020,51.7312886121975,53.6015802325334,54.5245683488126,55.3570452498901,56.8024827336227,"Hatchery"
"168","Tilton",2021,32.4262693456659,42.7133658514239,46.9825806455239,50.4289534622102,55.0484713628658,"Hatchery"
"169","Upper Cowlitz and Cispus",2010,55.9124742715053,57.0711129309889,57.634776924424,58.1796369664346,59.1548213990527,"Hatchery"
"170","Upper Cowlitz and Cispus",2011,33.5985546841444,34.6735136404427,35.1986766301699,35.6933876368981,36.5577726450199,"Hatchery"
"171","Upper Cowlitz and Cispus",2012,6.24635477113327,6.53125971257606,6.66607560998094,6.79319660075514,7.02701308588777,"Hatchery"
"172","Upper Cowlitz and Cispus",2013,15.7393978499523,16.9072288610063,17.4570703246381,17.976414330814,18.8670786612852,"Hatchery"
"173","Upper Cowlitz and Cispus",2014,65.5092135833191,66.7570081531132,67.3686896295811,67.9489968213871,69.0401987019112,"Hatchery"
"174","Upper Cowlitz and Cispus",2015,2.57252891231616,2.73499620163712,2.81362676630789,2.89213151733702,3.03523870351784,"Hatchery"
"175","Upper Cowlitz and Cispus",2016,24.73954692194,25.8704775025405,26.38564107692,26.8747889467207,27.7295357939931,"Hatchery"
"176","Upper Cowlitz and Cispus",2017,18.0902193414791,18.8303831476337,19.1876716279078,19.526367323985,20.1509129794655,"Hatchery"
"177","Upper Cowlitz and Cispus",2018,16.7556915093474,17.1728170140433,17.3790867276143,17.5804177239831,17.9397802454634,"Hatchery"
"178","Upper Cowlitz and Cispus",2019,17.4339986281692,18.0817498730931,18.391972379482,18.6707814587754,19.1955598787469,"Hatchery"
"179","Upper Cowlitz and Cispus",2020,35.6030492101839,36.4797797814206,36.8902748318294,37.2792834694715,37.96143753764,"Hatchery"
"180","Upper Cowlitz and Cispus",2021,43.6242552442969,52.9449911533308,56.0264451384786,58.2069773755,60.8747649999877,"Hatchery"
"181","Washougal",2010,2.42441906639328,4.1197353351076,5.37431539759804,6.92687000507043,11.2645283081368,"Hatchery"
"182","Washougal",2011,0.15886055743543,0.47487627683582,0.797739520427455,1.28207540549434,2.79887717253932,"Hatchery"
"183","Washougal",2012,0.179550717366391,0.487448421211551,0.775757219992164,1.20684855068433,2.44586702830251,"Hatchery"
"184","Washougal",2013,1.28923640243595,2.35486228955418,3.12650169167726,4.10982162928595,6.79624717323214,"Hatchery"
"185","Washougal",2014,9.92201563539767,14.6983150623501,17.8975480878588,21.5882374230426,30.779380064419,"Hatchery"
"186","Washougal",2015,1.56715849849695,2.64635416411355,3.34474094911963,4.17270368228302,6.23235425205197,"Hatchery"
"187","Washougal",2016,5.27580441206661,7.65083897873217,9.22574969154756,11.0245718626942,16.3603863793726,"Hatchery"
"188","Washougal",2017,4.78299650931933,6.63487191250675,7.90377766046404,9.51224303020669,14.2497812310651,"Hatchery"
"189","Washougal",2018,4.41002986356105,6.76358540879202,8.32169296538837,10.1571338318972,15.3651059299614,"Hatchery"
"190","Washougal",2019,5.4089433546447,8.34107656518613,10.3225788330783,12.7134023837346,19.6533248456467,"Hatchery"
"191","Washougal",2020,7.52207232517616,10.7823406755641,13.0525771235887,15.9731507086526,24.2709001514864,"Hatchery"
"192","Washougal",2021,0.747803388677306,1.88864201498355,2.85773317219908,4.23483495273705,8.25023110138664,"Hatchery"
"193","Coweeman",2010,28.4410119430175,38.0305563983765,44.1257752237548,51.3178758763922,67.5906930881876,"Wild"
"194","Coweeman",2011,27.0978937133549,34.2240109294703,39.0574216945074,44.8591855770937,60.2222905209649,"Wild"
"195","Coweeman",2012,21.9277109034729,28.1019639720839,32.1492498222887,36.9972725968745,49.5683486803563,"Wild"
"196","Coweeman",2013,27.2341547403445,34.5738862218501,39.3153685296768,45.1075362454738,60.418876844754,"Wild"
"197","Coweeman",2014,46.6499133818402,63.672006092779,74.0268694384102,84.9803197391537,109.554244438186,"Wild"
"198","Coweeman",2015,7.11687429532144,10.2337072492541,12.2152281568036,14.3632657880497,19.1747763742007,"Wild"
"199","Coweeman",2016,22.2751635369781,29.5212405851289,33.8983996420828,38.8098256997567,50.4555202044767,"Wild"
"200","Coweeman",2017,18.0935412255354,24.5409397697423,28.4655637985958,32.8492174253904,43.6325991988697,"Wild"
"201","Coweeman",2018,13.1569570744,24.4577627442392,29.8354348243608,35.4725681895507,49.2248745595337,"Wild"
"202","Coweeman",2019,20.2683900559964,29.6338011797182,35.6813252039346,42.245401692912,56.4978563605967,"Wild"
"203","Coweeman",2020,32.3837992797975,43.163001830378,49.9020234317584,57.6545111708811,77.4081613592685,"Wild"
"204","Coweeman",2021,31.0807837049959,42.3985448944095,49.9866203821757,58.8047269037226,81.3453222496416,"Wild"
"205","EF Lewis",2010,5.61651135826809,9.50042238308153,12.352528818171,16.1084396653545,26.1346171533124,"Wild"
"206","EF Lewis",2011,6.6882441798134,10.7475114244369,13.5526642994884,16.8515641172788,27.1541157256158,"Wild"
"207","EF Lewis",2012,10.2933538398688,15.0398510830299,18.8990638109272,24.0607478826068,40.4447978599097,"Wild"
"208","EF Lewis",2013,10.7236940345697,15.3776190963064,18.7983894190299,23.3513110060501,37.4284533266714,"Wild"
"209","EF Lewis",2014,14.8258486128774,22.8397952970215,28.7128706329653,35.7723987782699,55.2132868959293,"Wild"
"210","EF Lewis",2015,1.43972133314024,2.70357431682206,3.68573214684329,4.94726297092708,8.08779912360804,"Wild"
"211","EF Lewis",2016,1.50545299063455,3.87650201580268,5.83904494487372,8.42102916656163,14.7892789662432,"Wild"
"212","EF Lewis",2017,4.96093786857814,7.79178762576298,9.85805026820113,12.5120889403173,20.489336457207,"Wild"
"213","EF Lewis",2018,7.56668361541542,10.8396608463813,13.1967286194385,16.2620025136579,25.1895562100048,"Wild"
"214","EF Lewis",2019,10.589179366301,15.7607594439716,19.3660152087308,23.8121689239812,36.2705665744181,"Wild"
"215","EF Lewis",2020,9.46732961346875,15.2601954888265,19.4480462232736,24.5930405910389,37.7284669570328,"Wild"
"216","EF Lewis",2021,19.9650007902407,28.5879244372982,35.3786025788095,44.0543320647894,71.6494220828895,"Wild"
"217","Elochoman, Skamokawa",2010,2.11871872889365,3.40053002685179,4.34559467177937,5.49662030036159,8.49312483049264,"Wild"
"218","Elochoman, Skamokawa",2011,2.04430317557582,3.27082488949154,4.06604517491336,5.02788148801639,7.48034301207178,"Wild"
"219","Elochoman, Skamokawa",2012,1.46122573323941,2.62744849656409,3.48392862635321,4.42920237130165,6.58166058693367,"Wild"
"220","Elochoman, Skamokawa",2013,2.76762778163171,4.15259348033632,5.018540957214,6.02305378149729,8.47109939653816,"Wild"
"221","Elochoman, Skamokawa",2014,12.8626242638887,16.5541333191646,19.0773680073934,22.1429653343816,30.6155609013251,"Wild"
"222","Elochoman, Skamokawa",2015,0.806338265645938,1.46434247360939,1.91964607532838,2.45153837457687,3.73060586028137,"Wild"
"223","Elochoman, Skamokawa",2016,2.2388463590166,3.82825754475675,4.87963756464429,6.15138638089358,9.15431478525868,"Wild"
"224","Elochoman, Skamokawa",2017,3.40539735156042,5.39596695301808,6.56505223389782,7.86973480550878,11.0820375024713,"Wild"
"225","Elochoman, Skamokawa",2018,3.34187127475566,5.59342433080949,6.99763184048136,8.591520810966,12.8138793945465,"Wild"
"226","Elochoman, Skamokawa",2019,5.77976663101878,8.89322482714046,10.8203616220256,13.0494471069398,18.678261179663,"Wild"
"227","Elochoman, Skamokawa",2020,7.54433154403562,11.250136586957,13.4567759086282,15.9972057326203,21.9344468323785,"Wild"
"228","Elochoman, Skamokawa",2021,6.43302810112667,8.69558428741264,10.1924752017266,12.0919168876212,16.8534964151173,"Wild"
"229","Grays, Chinook",2010,0.650105103524512,1.17170938164388,1.56149686158453,2.05652992424908,3.45260715990668,"Wild"
"230","Grays, Chinook",2011,0.11055503192276,0.2198089135066,0.308477637702253,0.424879640096299,0.772601584954946,"Wild"
"231","Grays, Chinook",2012,1.20633592228787,2.14194809388699,2.79607936966442,3.53170977736756,5.46531588562029,"Wild"
"232","Grays, Chinook",2013,1.75322724662865,2.43362409653378,2.91462494747192,3.48474743721099,4.94058096881628,"Wild"
"233","Grays, Chinook",2014,8.16085229608183,10.4612797621781,11.8979520288341,13.5558347220256,17.8568940753183,"Wild"
"234","Grays, Chinook",2015,0.28788174703542,0.643358160588924,0.933651412962852,1.28315404882617,2.11829070927927,"Wild"
"235","Grays, Chinook",2016,1.01946619528057,1.84167249288447,2.40220589936775,3.03925728136958,4.58323849266651,"Wild"
"236","Grays, Chinook",2017,0.24323667649282,0.633948536001211,0.972881187747485,1.43801545251251,2.52950515242912,"Wild"
"237","Grays, Chinook",2018,0.200223263671872,0.602102611919077,0.964369481410396,1.45366305222102,2.701640708253,"Wild"
"238","Grays, Chinook",2019,0.375699154260946,1.27824538386994,2.18268049674159,3.41488283746451,6.32495206677211,"Wild"
"239","Grays, Chinook",2020,1.69639135243781,3.42210935946393,4.61961399477129,5.93635450487381,8.93574930313839,"Wild"
"240","Grays, Chinook",2021,2.86939286439408,3.92783675103471,4.62057392397371,5.48550049998421,7.97692377603016,"Wild"
"241","Kalama",2010,0.0167073265444907,0.079329545199182,0.160152938673321,0.294292546190898,0.82474375871874,"Wild"
"242","Kalama",2011,0.0244639375015435,0.119100029818122,0.26639380511317,0.583900500106712,2.16555994423679,"Wild"
"243","Kalama",2012,0.106463443698896,0.337287262110934,0.567880501526178,0.932557705345413,2.16967026569898,"Wild"
"244","Kalama",2013,0.149394844148711,0.489853477075722,0.856193339006727,1.43120643765491,3.3368866306072,"Wild"
"245","Kalama",2014,0.69631049301967,1.27980347665952,1.70907289704032,2.30094690027812,4.07028090123091,"Wild"
"246","Kalama",2015,0.11169631534417,0.234242747638959,0.336714072031943,0.480754804192833,0.908050401315845,"Wild"
"247","Kalama",2016,0.265262455762902,1.0324313623737,1.89983674501105,3.21734434355514,6.73766208772998,"Wild"
"248","Kalama",2017,0.151313724037365,0.732308917885591,1.47192294428743,2.61321431729134,5.71351339054254,"Wild"
"249","Kalama",2018,0.2855940689406,1.01434311634068,1.78242826737988,2.85529919994213,5.72533009866707,"Wild"
"250","Kalama",2019,0.410502494083308,1.70399760122277,3.16793729864877,5.27582050477025,11.1310140417345,"Wild"
"251","Kalama",2020,1.94334961505591,3.77594577136755,5.23534372368917,7.28849123459063,13.8688783517761,"Wild"
"252","Kalama",2021,0.98614466762914,2.35304081367094,3.54454603291485,5.28778343392736,11.779952998045,"Wild"
"253","LCR ESU",2010,7.88475247324067,9.16304984201263,9.97389362728272,10.9371430871851,13.3727867217313,"Wild"
"254","LCR ESU",2011,8.2584280202687,9.25697519805193,9.89611929451609,10.6728518407996,13.1256177212093,"Wild"
"255","LCR ESU",2012,6.16551437151796,7.18147400272138,7.84782568064556,8.67430080571454,11.3079117749225,"Wild"
"256","LCR ESU",2013,8.07617095440803,9.25568410492336,10.0018532215464,10.9374642119034,13.7749030401742,"Wild"
"257","LCR ESU",2014,26.3717469913457,28.6475137990976,30.0651169315791,31.68477622193,35.8359763156624,"Wild"
"258","LCR ESU",2015,3.32337793455077,3.73083207518246,3.96889163624278,4.23182200196969,4.83679710020275,"Wild"
"259","LCR ESU",2016,7.58909326081602,8.45504336297236,8.95352568707338,9.52952501983534,10.8094085734468,"Wild"
"260","LCR ESU",2017,8.58542903526472,9.26843387051021,9.6689663956531,10.1163200537738,11.116045732687,"Wild"
"261","LCR ESU",2018,5.49419733651939,6.25390595386526,6.7088370947985,7.20071858676185,8.32880456517972,"Wild"
"262","LCR ESU",2019,9.45513674495941,10.5452892340016,11.1905724132479,11.9008390317463,13.4776554492521,"Wild"
"263","LCR ESU",2020,13.8762942111435,15.0497708499008,15.7408912807129,16.5462718813747,18.3352335392896,"Wild"
"264","LCR ESU",2021,16.0330799810313,17.4495080896646,18.314879395591,19.3030683992437,21.5612912013826,"Wild"
"265","Lower Cowlitz",2010,6.30502046681052,9.16676056764859,11.2643115832757,13.9250459011911,21.8574418143052,"Wild"
"266","Lower Cowlitz",2011,4.40723604392753,6.64663333824135,8.40007685078293,10.8969351225672,21.302318028957,"Wild"
"267","Lower Cowlitz",2012,3.42440288461231,5.54858909824565,7.35336942380353,9.92320661584751,21.9499537204199,"Wild"
"268","Lower Cowlitz",2013,5.98990187318625,8.37684438444493,10.2534111430105,13.0966799737482,25.8004282966675,"Wild"
"269","Lower Cowlitz",2014,33.7975461287053,37.3715155545096,39.4778189573104,41.8167406807896,47.2412473816538,"Wild"
"270","Lower Cowlitz",2015,2.77609483806642,3.48367476211459,3.92916454560675,4.46367034491835,5.81708348120317,"Wild"
"271","Lower Cowlitz",2016,5.1770125215212,6.54650352892901,7.41530719534921,8.42329824380749,11.2331403941544,"Wild"
"272","Lower Cowlitz",2017,2.63483549341043,3.62603617712052,4.23138651531672,4.95592188873522,6.98093813563972,"Wild"
"273","Lower Cowlitz",2018,3.10283227424814,4.07193155636342,4.64982058192589,5.30443716198137,7.06696558134129,"Wild"
"274","Lower Cowlitz",2019,3.82106561868833,4.82660470773185,5.53494465326673,6.41016479725416,8.98841423936261,"Wild"
"275","Lower Cowlitz",2020,5.30564879200171,6.6268072775133,7.57790576492584,8.6893770178132,11.4458876683058,"Wild"
"276","Lower Cowlitz",2021,7.08294717908957,8.89729806525784,10.1523291217734,11.7252998095296,16.1711851405143,"Wild"
"277","Lower Gorge",2010,6.29538915544266,9.07781770775001,11.4225002304192,14.2642634192103,22.3488676346652,"Wild"
"278","Lower Gorge",2011,5.98898922688358,8.62981162606096,10.4672749100056,12.7565668462887,19.2736711887292,"Wild"
"279","Lower Gorge",2012,5.0470117234384,7.4086386799067,8.98282978088702,10.9401526030053,16.5004253851369,"Wild"
"280","Lower Gorge",2013,7.23173334362803,10.0765349803028,12.0641482570336,14.6067318179099,22.4056229597071,"Wild"
"281","Lower Gorge",2014,12.0697614260095,20.0268248105582,24.9942410621576,30.9935755367775,46.4235147196578,"Wild"
"282","Lower Gorge",2015,3.6701641829387,5.38040624846609,6.52942779598152,7.89252682963777,12.0635893285627,"Wild"
"283","Lower Gorge",2016,9.12106189852196,13.0983910354041,15.7824559439176,19.1538584218298,29.7866350707907,"Wild"
"284","Lower Gorge",2017,4.71098824508846,8.07711356492391,10.2039404769028,12.7076472456743,19.4246738789061,"Wild"
"285","Lower Gorge",2018,6.28577313588421,9.45033294321337,11.4961295416953,14.0415586887826,21.388854057104,"Wild"
"286","Lower Gorge",2019,12.2303565415016,17.1630901628311,20.5296768909127,24.8782400302764,38.9360232935754,"Wild"
"287","Lower Gorge",2020,11.6675315849372,18.5685997785949,22.9528522614789,28.406758958429,44.2721355525458,"Wild"
"288","Lower Gorge",2021,16.110716262705,23.3935833739995,28.686857702225,36.0973575951663,62.5620836405951,"Wild"
"289","Mill, Abernathy, Germany, Coal",2010,7.76494924274089,9.98718430425956,11.5993470497452,13.781272707671,20.5795433855735,"Wild"
"290","Mill, Abernathy, Germany, Coal",2011,4.08561653719536,5.29971855087636,6.14236527350047,7.28997772243606,11.3201154605052,"Wild"
"291","Mill, Abernathy, Germany, Coal",2012,4.16610487237861,5.22842444532019,5.93049339679976,6.80229449703007,9.28383782793268,"Wild"
"292","Mill, Abernathy, Germany, Coal",2013,6.30216868186555,7.21771483275457,7.75634946224973,8.34321690776206,9.5569564765656,"Wild"
"293","Mill, Abernathy, Germany, Coal",2014,23.4557269793634,25.6858610322542,26.9466490690557,28.2230127368691,30.8064184898712,"Wild"
"294","Mill, Abernathy, Germany, Coal",2015,5.68577313127706,6.49992397437738,6.98955344119191,7.4949202422718,8.57258107364685,"Wild"
"295","Mill, Abernathy, Germany, Coal",2016,10.150664768399,11.3046962771209,11.9391255214811,12.6154780219618,13.9898501802119,"Wild"
"296","Mill, Abernathy, Germany, Coal",2017,7.54335606488103,8.48750777199536,9.04273860585395,9.62835754894114,10.8652133733862,"Wild"
"297","Mill, Abernathy, Germany, Coal",2018,8.42516874755817,9.53510630224582,10.1723807165742,10.8450949418902,12.2666702215068,"Wild"
"298","Mill, Abernathy, Germany, Coal",2019,13.3017472217994,14.7821233662415,15.6384076372958,16.5199766238486,18.4090059195802,"Wild"
"299","Mill, Abernathy, Germany, Coal",2020,13.0167395534613,15.0930907727533,16.2434657608872,17.4678933133549,20.0935956541892,"Wild"
"300","Mill, Abernathy, Germany, Coal",2021,12.027024713583,13.7686632455832,14.7545872600623,15.8137639149627,18.1335058153507,"Wild"
"301","NF Lewis",2010,6.49122336127572,7.76625031832724,8.77893795015199,10.1456993227872,15.1413340333857,"Wild"
"302","NF Lewis",2011,4.19182539612123,4.90312571715023,5.4643315393199,6.28606019817947,9.47169353141258,"Wild"
"303","NF Lewis",2012,4.28746682616384,5.0957552910954,5.6486067938654,6.32595539119403,8.53668014370953,"Wild"
"304","NF Lewis",2013,3.65058554618545,4.38441740623202,4.84845753391126,5.4195608989551,7.3706046326557,"Wild"
"305","NF Lewis",2014,14.1534463864368,16.2671364061082,17.6451864358208,19.198069222552,23.3701349363191,"Wild"
"306","NF Lewis",2015,2.66161582706488,3.22675286176564,3.58877706701259,3.98511682940723,5.06512686531555,"Wild"
"307","NF Lewis",2016,9.5320507110603,11.1549835040172,12.1776338904003,13.3559909735696,16.2638520160391,"Wild"
"308","NF Lewis",2017,12.4385675963405,14.2425030152984,15.3130983373146,16.5194649830203,19.4505011923986,"Wild"
"309","NF Lewis",2018,6.75652580680263,9.15651794823074,10.6066304142326,12.3589257409161,17.3325133529734,"Wild"
"310","NF Lewis",2019,11.9706045398762,14.8750775649034,16.6908211599074,18.9778112073677,25.0097624311129,"Wild"
"311","NF Lewis",2020,23.8473880420832,25.9102329391028,27.2560813695074,28.8474465844094,32.7039241906624,"Wild"
"312","NF Lewis",2021,13.9149982744041,15.7383240534169,16.9404142694588,18.3485464277172,21.8728887967071,"Wild"
"313","NF Toutle",2010,4.23388017195061,5.97663546829986,7.3397090149369,9.14324114545725,14.539438038966,"Wild"
"314","NF Toutle",2011,1.98332556327247,3.33146558956566,4.37402975152378,5.67067533470021,9.8403270976614,"Wild"
"315","NF Toutle",2012,3.96022256554925,5.32778817162627,6.27850069771077,7.53231219909703,11.6659954816368,"Wild"
"316","NF Toutle",2013,8.89628272305336,11.2599604562747,12.8806029437385,14.9836594801724,21.8946964949828,"Wild"
"317","NF Toutle",2014,15.1834084282777,19.8505505724563,23.2603413700865,27.7115350790732,43.8130682313557,"Wild"
"318","NF Toutle",2015,1.61337464182632,2.49688577532594,3.07902169117053,3.79898926355448,5.95965617187019,"Wild"
"319","NF Toutle",2016,4.90052439923475,6.20257523551571,7.11210843908446,8.28225640585815,12.0322433104996,"Wild"
"320","NF Toutle",2017,2.24353303860243,3.3129007164616,4.08540008531326,5.02349022192537,7.63653711922129,"Wild"
"321","NF Toutle",2018,2.24079804579123,3.38829770256972,4.15450497449428,5.10533310975912,7.61921682103045,"Wild"
"322","NF Toutle",2019,6.61179974255019,8.31907991054408,9.50453591804884,10.8751172454732,14.6779945350198,"Wild"
"323","NF Toutle",2020,6.18422726096967,8.18702378412788,9.56583250529281,11.340290133249,15.9357953828668,"Wild"
"324","NF Toutle",2021,7.3294699429544,10.1801715569745,12.1144935144876,14.5930181121027,21.8808580013232,"Wild"
"325","Salmon Creek",2010,2.69174492437866,6.4993763291525,9.10058125815232,12.5677814566625,24.0117432886829,"Wild"
"326","Salmon Creek",2011,2.8140381591754,4.81752044133519,6.30234143061509,8.22373564233302,14.6768131213376,"Wild"
"327","Salmon Creek",2012,2.33182898988512,3.89002891960643,4.9754205567107,6.40867646455357,10.7551206625183,"Wild"
"328","Salmon Creek",2013,3.3767635149805,5.47796235322947,6.8686054795376,8.66816268487077,13.6478644713198,"Wild"
"329","Salmon Creek",2014,8.55591102059651,14.1795069440923,17.8706337972674,22.4888365161484,35.487983219319,"Wild"
"330","Salmon Creek",2015,1.67089594097904,2.71517504313614,3.4387566566887,4.29744850537199,6.83588322535545,"Wild"
"331","Salmon Creek",2016,4.06469857710361,6.42249239029468,7.91494189865204,9.89199702281656,16.24550503792,"Wild"
"332","Salmon Creek",2017,3.36069360161231,5.11350277849876,6.30578234507614,7.91214021999886,13.230175693789,"Wild"
"333","Salmon Creek",2018,3.84909270588322,5.60403709779282,6.8693135270676,8.57309456464492,14.3764488092868,"Wild"
"334","Salmon Creek",2019,5.10328974639283,7.8046794357585,9.68403551325174,12.0443777943519,19.2569473328196,"Wild"
"335","Salmon Creek",2020,4.88375063419937,7.79366858001756,9.9179122947073,12.5484333603564,20.0121006883846,"Wild"
"336","Salmon Creek",2021,5.07406503767689,8.46736293957581,10.9059010501735,14.0464243754656,23.8275817873196,"Wild"
"337","SF Toutle",2010,9.43006269171257,14.8458194541877,19.1824043401787,24.8201362265753,41.0102580041293,"Wild"
"338","SF Toutle",2011,5.46540535668179,10.458503269226,14.2203992307915,19.1276681512541,32.455819144701,"Wild"
"339","SF Toutle",2012,11.1736039800148,16.9377167625808,21.2036023602395,26.8652402954979,45.0533810866867,"Wild"
"340","SF Toutle",2013,19.1391933282537,28.925613835581,36.3995076220616,46.6130871282941,79.4945277112051,"Wild"
"341","SF Toutle",2014,59.8939781610723,88.5612543503475,111.169151621273,143.464321710394,249.789945692268,"Wild"
"342","SF Toutle",2015,6.76908265122102,10.6164648787935,13.6311510770908,17.6279296436681,30.7724145599934,"Wild"
"343","SF Toutle",2016,16.3400107332888,24.4641852304575,30.3590469331878,38.2689582707253,61.7889479880207,"Wild"
"344","SF Toutle",2017,4.83306782167917,9.40899890995215,13.1072760665069,17.722784436262,29.272580348073,"Wild"
"345","SF Toutle",2018,4.92636816329661,9.33033586517609,12.745660086721,17.2080005422434,28.5603529572815,"Wild"
"346","SF Toutle",2019,14.2214267831996,21.7614328292125,27.2043227776487,34.3834402565012,55.697954555714,"Wild"
"347","SF Toutle",2020,14.8917234647796,23.7790105006604,30.4186590760088,39.0978004097907,64.4596165260291,"Wild"
"348","SF Toutle",2021,17.6414460940738,27.2582931387076,34.9756557431792,44.9981825033635,77.8037026544432,"Wild"
"349","Tilton",2010,4.21022166662696,4.39226581206174,4.48994251453201,4.59047226458702,4.7832886383591,"Wild"
"350","Tilton",2011,9.4004962529044,9.67514127295557,9.82089934610203,9.96754332094835,10.252643254953,"Wild"
"351","Tilton",2012,6.01214114290735,6.22792242865295,6.3431955511895,6.46457865040901,6.69600952858326,"Wild"
"352","Tilton",2013,12.7688054361295,13.0968432906435,13.2724558389243,13.4521926474762,13.7864507429027,"Wild"
"353","Tilton",2014,43.6904047144213,44.3064504318662,44.6251994038389,44.9540943455438,45.5943142864417,"Wild"
"354","Tilton",2015,6.45149214145578,6.68687606293859,6.8095639715562,6.9346364480015,7.17796570655839,"Wild"
"355","Tilton",2016,12.6547385208849,12.9796328383604,13.1522903098074,13.320451655319,13.6511694244637,"Wild"
"356","Tilton",2017,25.297609925301,25.7598206954724,25.9969170393626,26.2348232967151,26.709173979124,"Wild"
"357","Tilton",2018,6.25425530205307,6.48654476905398,6.60861289949079,6.73000765379531,6.96535513205795,"Wild"
"358","Tilton",2019,7.41072800467381,7.66090173325772,7.79545948661544,7.92730462603066,8.18808689556518,"Wild"
"359","Tilton",2020,11.5316498572179,11.8450979362309,12.0079138930622,12.174069684628,12.4949463884108,"Wild"
"360","Tilton",2021,31.1113880687652,31.8583288898539,32.2028117087017,32.545576989677,33.1499618155064,"Wild"
"361","Upper Cowlitz and Cispus",2010,7.95924894711977,8.15766921404934,8.26060513522007,8.37260973503869,8.58221007068865,"Wild"
"362","Upper Cowlitz and Cispus",2011,22.1858182847747,22.5147244844515,22.6910212639821,22.8702135645857,23.2131569174293,"Wild"
"363","Upper Cowlitz and Cispus",2012,4.54496678680501,4.695565355004,4.77760158429614,4.86055316325003,5.01655040930669,"Wild"
"364","Upper Cowlitz and Cispus",2013,0.0144771263970132,0.0231605591993553,0.0286810442615329,0.0351889069755898,0.0496023237301535,"Wild"
"365","Upper Cowlitz and Cispus",2014,19.9451087081309,20.2477009509533,20.4110519345715,20.5749528256371,20.8867850972506,"Wild"
"366","Upper Cowlitz and Cispus",2015,1.00959159878349,1.08078572564987,1.11936567616716,1.15807984222771,1.2328147466976,"Wild"
"367","Upper Cowlitz and Cispus",2016,2.54470312331307,2.65546692121952,2.7135892281037,2.77323301366906,2.89467391021035,"Wild"
"368","Upper Cowlitz and Cispus",2017,15.0768080406738,15.3479454319139,15.4960178343429,15.6420406853267,15.9190841979304,"Wild"
"369","Upper Cowlitz and Cispus",2018,0.435639863122192,0.48132510427856,0.506835004725016,0.533712365321889,0.585099928654759,"Wild"
"370","Upper Cowlitz and Cispus",2019,10.2693881368703,10.4977753561933,10.6154103408151,10.7350056498605,10.9740532910543,"Wild"
"371","Upper Cowlitz and Cispus",2020,26.0233542745343,26.3782783856894,26.5655397037252,26.7576366375387,27.1161202361395,"Wild"
"372","Upper Cowlitz and Cispus",2021,27.8825089330084,28.398723404054,28.6419857394163,28.8673294900402,29.2819535100469,"Wild"
"373","Washougal",2010,4.14831819468466,6.45463045248091,8.11087584232771,10.2129553621143,16.0387044849966,"Wild"
"374","Washougal",2011,4.23902357061489,6.47858687082686,7.90993718456052,9.70490649942245,14.6616389156841,"Wild"
"375","Washougal",2012,3.41426411305422,5.11060063521486,6.21996441827539,7.5568169020534,11.1793049426304,"Wild"
"376","Washougal",2013,3.54681252284162,5.46219617182772,6.7153412325189,8.20222874053986,12.0920530797468,"Wild"
"377","Washougal",2014,3.60712700173276,5.72762023377958,7.22805316110479,8.97293171034036,13.4918299619557,"Wild"
"378","Washougal",2015,0.471480213457396,1.02157655686896,1.45052066738229,2.01410948410992,3.48639399612343,"Wild"
"379","Washougal",2016,1.27032206253072,2.32112958083302,3.09478117395315,4.02640187111975,6.56007401705142,"Wild"
"380","Washougal",2017,1.19940396046232,2.00730874268192,2.59883617409513,3.35228985223258,5.37241460212845,"Wild"
"381","Washougal",2018,0.894268378669381,1.98771362366703,2.86977440822733,3.97010172481729,7.15083376784403,"Wild"
"382","Washougal",2019,3.7378099351699,6.20681124274334,7.85393212725756,9.86056635100455,15.2445328584048,"Wild"
"383","Washougal",2020,5.26869055585049,7.83021531007599,9.62270314302178,11.9303746409754,18.5858724405214,"Wild"
"384","Washougal",2021,7.865628033736,13.1057222834911,16.616479082678,20.7801722539083,32.3551829028267,"Wild"
